group,Land use,Emissions,Water usage
Dairy,8.95,3.15,628.2
Oat,0.76,0.903126194,48.24
Soy,0.66,0.98,27.8
Almond,0.496359329,0.702077383,371.4593343
Rice,0.336,1.181659182,269.808
